Altmetric Attention Score,Title,Journal/Collection Title,Journal ISSNs,Authors at my Institution,Departments,Output Type,OA Status,OA Type,Subjects (FoR),Sustainable Development Goals,Affiliations (GRID),Funder,Publication Date,DOI,ISBN,National Clinical Trial ID,URI,PubMed ID,PubMedCentral ID,Handle.net IDs,ADS Bibcode,arXiv ID,RePEc ID,SSRN,URN,News mentions,Blog mentions,Policy mentions,Patent mentions,Twitter mentions,Peer review mentions,Weibo mentions,Facebook mentions,Wikipedia mentions,Google+ mentions,LinkedIn mentions,Reddit mentions,Pinterest mentions,F1000 mentions,Q&A mentions,Video mentions,Syllabi mentions,Number of Mendeley readers,Number of Dimensions citations,Details Page URL,Badge URL,Publisher Names
25,"Atypical Presentation of Massive Pulmonary Embolism, a Case Report.","Emergency","2345-4563, 2345-4571",,,Article,false,closed,"11 Medical and Health Sciences; 1103 Clinical Sciences; 32 Biomedical and Clinical Sciences; 3202 Clinical Sciences",,"Imam Hossein University; Shahid Beheshti University of Medical Sciences",,2014-01-01,,,,,26495343,PMC4614616,"",,,,,,3,0,0,0,0,0,0,0,0,0,0,0,0,0,0,0,0,0,0,https://www.altmetric.com/details/141153337,https://api.altmetric.com/v1/donut/141153337_240.png,
11,"Feedback About More Accurate Versus Less Accurate Trials","Research Quarterly for Exercise & Sport","0270-1367, 2168-3824",,,Article,false,closed,"17 Psychology and Cognitive Sciences; 1701 Psychology; 39 Education; 3901 Curriculum and Pedagogy; 52 Psychology",,"Imam Hossein University; Islamic Azad University, Isfahan",,2012-06-01,10.1080/02701367.2012.10599850,,,,,,"",,,,,,1,0,0,0,3,0,0,0,0,0,0,0,0,0,0,0,0,66,55,https://www.altmetric.com/details/62736485,https://api.altmetric.com/v1/donut/62736485_240.png,"GeoScienceWorld; Taylor & Francis"
11,"Safety and immunogenicity of a recombinant receptor‐binding domain‐based protein subunit vaccine (Noora vaccine™) against COVID‐19 in adults: A randomized, double‐blind, placebo‐controlled, Phase 1 trial","Journal of Medical Virology","0146-6615, 1096-9071",,,Article,true,bronze,"11 Medical and Health Sciences; 1103 Clinical Sciences; 32 Biomedical and Clinical Sciences; 3202 Clinical Sciences","3 Good Health and Well Being","Baqiyatallah University of Medical Sciences; Imam Hossein University; Shahid Beheshti University of Medical Sciences; Tehran University of Medical Sciences","Baqiyatallah University of Medical Sciences",2022-09-13,10.1002/jmv.28097,,,,36029105,,"",,,,,,1,0,0,0,1,0,0,0,0,0,0,0,0,0,0,0,0,8,3,https://www.altmetric.com/details/135058084,https://api.altmetric.com/v1/donut/135058084_240.png,"ESSOAr; Natural History Museum; Wiley"
10,"Synthesis of 2-(2-Fluorophenyl)-2-methylamino-Cyclohexanone as a New Ketamine Derivative","Synthetic Communications","0039-7911, 1532-2432",,,Article,true,green,"03 Chemical Sciences; 0305 Organic Chemistry; 34 Chemical Sciences; 3405 Organic Chemistry",,"Imam Hossein University; Masih Daneshvari Hospital",,2014-06-09,10.1080/00397911.2014.885053,,,,,,"",,,,,,0,0,0,3,1,0,0,0,1,0,0,1,0,0,0,0,0,18,14,https://www.altmetric.com/details/5100019,https://api.altmetric.com/v1/donut/5100019_240.png,"GeoScienceWorld; Taylor & Francis"
10,"Feedback After Good Versus Poor Trials Affects Intrinsic Motivation","Research Quarterly for Exercise & Sport","0270-1367, 2168-3824",,,Article,false,closed,"11 Medical and Health Sciences; 1106 Human Movement and Sports Science; 13 Education; 1302 Curriculum and Pedagogy; 17 Psychology and Cognitive Sciences; 1701 Psychology; 39 Education; 3901 Curriculum and Pedagogy; 42 Health Sciences; 4207 Sports Science and Exercise; 52 Psychology; 5201 Applied and Developmental Psychology",,"Imam Hossein University",,2011-06-01,10.1080/02701367.2011.10599765,,,,,,"",,,,,,1,0,0,0,1,0,0,0,0,0,0,0,0,0,0,0,0,97,91,https://www.altmetric.com/details/91537285,https://api.altmetric.com/v1/donut/91537285_240.png,"GeoScienceWorld; Taylor & Francis"
7,"The effectiveness of cognitive-motor training on reconstructing cognitive health components in older male adults, recovered from the COVID-19","Neurological Sciences","1590-1874, 1590-3478",,,Article,true,bronze,"11 Medical and Health Sciences; 1117 Public Health and Health Services; 32 Biomedical and Clinical Sciences; 3202 Clinical Sciences; 3209 Neurosciences",,"Baqiyatallah University of Medical Sciences; Imam Hossein University",,2021-07-30,10.1007/s10072-021-05502-w,,,,34328579,,"",,,,,,2,0,3,0,0,0,0,0,0,0,0,0,0,0,0,0,0,62,6,https://www.altmetric.com/details/110702885,https://api.altmetric.com/v1/donut/110702885_240.png,"Springer Nature"
6,"Chemical and electrochemical synthesis of conducting graft copolymer of acrylonitrile with aniline","Polymer International","0959-8103, 1097-0126",,,Article,false,closed,"03 Chemical Sciences; 0306 Physical Chemistry (incl. Structural); 09 Engineering; 0912 Materials Engineering; 34 Chemical Sciences; 3403 Macromolecular and Materials Chemistry; 40 Engineering; 4016 Materials Engineering",,"Imam Hossein University; Shahid Beheshti University",,2006-01-01,10.1002/pi.2063,,,,,,"",,,,,,0,0,0,2,0,0,0,0,0,0,0,0,0,0,0,0,0,13,30,https://www.altmetric.com/details/104732956,https://api.altmetric.com/v1/donut/104732956_240.png,"ESSOAr; Natural History Museum; Wiley"
6,"Experimental and computational study on the aqueous acidity constants of some new aminobenzoic acid compounds","Journal of Molecular Liquids","0167-7322, 1873-3166",,,Article,false,closed,"03 Chemical Sciences; 0307 Theoretical and Computational Chemistry; 34 Chemical Sciences; 3405 Organic Chemistry; 3406 Physical Chemistry; 3407 Theoretical and Computational Chemistry",,"Imam Hossein University; Lorestan University; Razi University; Tarbiat Modares University",,2009-10-01,10.1016/j.molliq.2009.08.007,,,,,,"",,,,,,0,0,0,2,0,0,0,0,0,0,0,0,0,0,0,0,0,16,9,https://www.altmetric.com/details/81099192,https://api.altmetric.com/v1/donut/81099192_240.png,"Elsevier BV"
6,"Effects of challenging games on manipulative motor skills of 4–6 years old children: an application of challenge point framework","Early Child Development & Care","0300-4430, 1476-8275",,,Article,false,closed,"17 Psychology and Cognitive Sciences; 1701 Psychology; 39 Education; 3903 Education Systems; 52 Psychology; 5201 Applied and Developmental Psychology; 5205 Social and Personality Psychology",,"Imam Hossein University; Islamic Azad University, Science and Research Branch; Kharazmi University",,2017-06-15,10.1080/03004430.2017.1339276,,,,,,"",,,,,,0,1,0,0,0,0,0,2,0,0,0,0,0,0,0,0,0,43,0,https://www.altmetric.com/details/21120694,https://api.altmetric.com/v1/donut/21120694_240.png,"GeoScienceWorld; Taylor & Francis"
6,"Photon dosimetry using selective data sampling with Particle Swarm optimization algorithm based on NaI(Tl) scintillation detector","Kerntechnik",0932-3902,,,Article,false,closed,"02 Physical Sciences; 0299 Other Physical Sciences; 51 Physical Sciences; 5105 Medical and Biological Physics; 5106 Nuclear and Plasma Physics; 5110 Synchrotrons and Accelerators",,"Imam Hossein University; Urmia University",,2022-03-11,10.1515/kern-2021-1035,,,,,,"",,,,,,0,1,0,0,0,0,0,0,0,0,0,0,0,0,0,0,0,0,0,https://www.altmetric.com/details/128558152,https://api.altmetric.com/v1/donut/128558152_240.png,"De Gruyter"
6,"A novel strategy for the asymmetric synthesis of (S)-ketamine using (S)-tert-butanesulfinamide and 1,2-cyclohexanedione","Journal of the Iranian Chemical Society","1735-207X, 1735-2428",,,Article,false,closed,"03 Chemical Sciences; 0305 Organic Chemistry; 34 Chemical Sciences; 3402 Inorganic Chemistry; 3405 Organic Chemistry",,"Imam Hossein University; Islamic Azad University, Tehran; Tehran University of Medical Sciences; University of Eyvanekey",,2018-07-16,10.1007/s13738-018-1404-1,,,,,,"",,,,,,0,1,0,0,0,0,0,0,0,0,0,0,0,0,0,0,0,4,3,https://www.altmetric.com/details/98818151,https://api.altmetric.com/v1/donut/98818151_240.png,"Springer Nature"
6,"Effect of nitrate content on thermal decomposition of nitrocellulose","Journal of Hazardous Materials","0304-3894, 1873-3336",,,Article,false,closed,"09 Engineering; 0912 Materials Engineering; 34 Chemical Sciences",,"Imam Hossein University; Malek Ashtar University of Technology",,2009-03-01,10.1016/j.jhazmat.2008.05.161,,,,18650008,,"",,,,,,0,2,0,0,0,0,0,0,0,0,0,0,0,0,0,0,0,104,155,https://www.altmetric.com/details/1509608,https://api.altmetric.com/v1/donut/1509608_240.png,"Elsevier BV"
4,"Twelve weeks of treadmill exercise training with green tea extract reduces myocardial oxidative stress and alleviates cardiomyocyte apoptosis in aging rat: The emerging role of BNIP3 and HIF‐1α/IGFBP3 pathway","Journal of Food Biochemistry","0145-8884, 1745-4514",,,Article,false,closed,"09 Engineering; 0908 Food Sciences; 30 Agricultural, Veterinary and Food Sciences; 3006 Food Sciences",,"Andrés Bello University; Baqiyatallah University of Medical Sciences; Imam Hossein University; Universidad de Los Andes, Chile; Urmia University",,2022-09-07,10.1111/jfbc.14397,,,,36069470,,"",,,,,,0,0,0,0,7,0,0,0,0,0,0,0,0,0,0,0,0,1,0,https://www.altmetric.com/details/135640415,https://api.altmetric.com/v1/donut/135640415_240.png,"Wiley"
4,"Review on pathogenicity mechanism of enterotoxigenic Escherichia coli and vaccines against it","Microbial Pathogenesis","0882-4010, 1096-1208",,,Article,false,closed,"06 Biological Sciences; 0605 Microbiology; 11 Medical and Health Sciences; 1107 Immunology; 1108 Medical Microbiology; 31 Biological Sciences; 3107 Microbiology; 32 Biomedical and Clinical Sciences; 3202 Clinical Sciences; 3207 Medical Microbiology","3 Good Health and Well Being","Baqiyatallah University of Medical Sciences; Imam Hossein University",,2018-04-01,10.1016/j.micpath.2018.02.032,,,,29474827,,"",,,,,,0,0,0,0,1,0,0,0,3,0,0,0,0,0,0,0,0,199,60,https://www.altmetric.com/details/33622081,https://api.altmetric.com/v1/donut/33622081_240.png,"Elsevier BV"
3,"Synthesis of enamines using easily prepared silica gel supported sulfuric acid catalyst","Journal of Chemical Research","1747-5198, 2047-6507",,,Article,false,closed,"34 Chemical Sciences; 3405 Organic Chemistry",,"Imam Hossein University; Imam Khomeini International University; Islamic Azad University, Tehran; Kharazmi University",,2005-12-01,10.3184/030823405775146942,,,,,,"",,,,,,0,0,0,1,0,0,0,0,0,0,0,0,0,0,0,0,0,0,3,https://www.altmetric.com/details/141673308,https://api.altmetric.com/v1/donut/141673308_240.png,
3,"Reinvestigation of the Synthesis of Ketanserin () and its Hydrochloride Salt () via 3-(2-Chloroethyl)-2,4-(1H,3H)-quinazolinedione () or Dihydro-5H-oxazole(2,3-b)quinazolin-5-one ()","Journal of Heterocyclic Chemistry","0022-152X, 1943-5193",,,Article,false,closed,"03 Chemical Sciences; 0305 Organic Chemistry; 34 Chemical Sciences; 3402 Inorganic Chemistry",,"Imam Hossein University",,2013-10-23,10.1002/jhet.1897,,,,,,"",,,,,,0,0,0,0,0,0,0,0,1,0,0,0,0,0,0,0,0,3,6,https://www.altmetric.com/details/138030838,https://api.altmetric.com/v1/donut/138030838_240.png,"ESSOAr; Natural History Museum; Wiley"
3,"Acaricidal Potentials of the Terpene-rich Essential Oils of Two Iranian <i>Eucalyptus</i> Species against <i>Tetranychus urticae</i> Koch","Journal of Oleo Science","1345-8957, 1347-3352",,,Article,true,gold,"03 Chemical Sciences; 0301 Analytical Chemistry; 34 Chemical Sciences; 3401 Analytical Chemistry",,"Imam Hossein University; University of Guilan; University of Kurdistan; University of Mohaghegh Ardabili",,2017-01-01,10.5650/jos.ess15258,,,,28190801,,"",,,,,,0,0,0,1,0,0,0,0,0,0,0,0,0,0,0,0,0,30,6,https://www.altmetric.com/details/136320592,https://api.altmetric.com/v1/donut/136320592_240.png,"J-Stage"
3,"Phase-Transfer-Catalyzed Michaelis-Becker Synthesis of Dialkyl Methyl Phosphonates","Phosphorus, Sulfur, and Silicon and the Related Elements","1026-7719, 1042-6507, 1563-5325",,,Article,false,closed,"03 Chemical Sciences; 0306 Physical Chemistry (incl. Structural); 34 Chemical Sciences; 3402 Inorganic Chemistry; 3405 Organic Chemistry",,"Imam Hossein University",,2007-02-01,10.1080/10426500500263789,,,,,,"",,,,,,0,0,0,0,0,0,0,0,1,0,0,0,0,0,0,0,0,7,8,https://www.altmetric.com/details/126144644,https://api.altmetric.com/v1/donut/126144644_240.png,"GeoScienceWorld; Taylor & Francis"
3,"Designing a multi-epitope vaccine for cross-protection against Shigella spp: An immunoinformatics and structural vaccinology study","Molecular Immunology","0161-5890, 1872-9142",,,Article,false,closed,"11 Medical and Health Sciences; 1107 Immunology; 32 Biomedical and Clinical Sciences; 3204 Immunology","3 Good Health and Well Being","Baqiyatallah University of Medical Sciences; Imam Hossein University; University of Isfahan",,2019-12-01,10.1016/j.molimm.2019.09.018,,,,31634814,,"",,,,,,0,0,0,1,0,0,0,0,0,0,0,0,0,0,0,0,0,32,25,https://www.altmetric.com/details/126006329,https://api.altmetric.com/v1/donut/126006329_240.png,"Elsevier BV"
3,"An efficient, one-pot, three-component procedure for the synthesis of chiral spirooxindolopyrrolizidines via catalytic highly enantioselective 1,3-dipolar cycloaddition","Tetrahedron Letters: International Organ for the Rapid Publication of Preliminary Communications in Organic Chemistry",0040-4039,,,Article,false,closed,"03 Chemical Sciences; 0305 Organic Chemistry; 34 Chemical Sciences; 3402 Inorganic Chemistry; 3405 Organic Chemistry",,"Imam Hossein University; Shahid Beheshti University",,2014-02-01,10.1016/j.tetlet.2013.11.097,,,,,,"",,,,,,0,0,0,1,0,0,0,0,0,0,0,0,0,0,0,0,0,19,29,https://www.altmetric.com/details/117488328,https://api.altmetric.com/v1/donut/117488328_240.png,"Elsevier BV"
3,"Synthesis of new enantiomerically pure spirooxindolopyrrolizidines via a three-component asymmetric 1,3-dipolar cycloaddition reaction of azomethine ylides derived from isatin","Tetrahedron Letters: International Organ for the Rapid Publication of Preliminary Communications in Organic Chemistry",0040-4039,,,Article,false,closed,"03 Chemical Sciences; 0305 Organic Chemistry; 34 Chemical Sciences; 3405 Organic Chemistry",,"Imam Hossein University; Shahid Beheshti University",,2012-09-01,10.1016/j.tetlet.2012.07.066,,,,,,"",,,,,,0,0,0,1,0,0,0,0,0,0,0,0,0,0,0,0,0,26,29,https://www.altmetric.com/details/117488310,https://api.altmetric.com/v1/donut/117488310_240.png,"Elsevier BV"
3,"Reinvestigation of alternative method for the preparation of dibenz[b,f][1,4]oxazepine","Journal of Heterocyclic Chemistry","0022-152X, 1943-5193",,,Article,false,closed,"03 Chemical Sciences; 0306 Physical Chemistry (incl. Structural); 34 Chemical Sciences; 3402 Inorganic Chemistry",,"Imam Hossein University",,2009-09-01,10.1002/jhet.59,,,,,,"",,,,,,0,0,0,0,0,0,0,0,1,0,0,0,0,0,0,0,0,5,4,https://www.altmetric.com/details/116778446,https://api.altmetric.com/v1/donut/116778446_240.png,"ESSOAr; Natural History Museum; Wiley"
3,"ChemInform Abstract: Reinvestigation of Alternative Method for the Preparation of Dibenzo[b,f][1,4]oxazepine.","ChemInform","0931-7597, 1522-2667",,,Article,false,closed,,,"Imam Hossein University",,2010-01-26,10.1002/chin.201004186,,,,,,"",,,,,,0,0,0,0,0,0,0,0,1,0,0,0,0,0,0,0,0,0,0,https://www.altmetric.com/details/116778444,https://api.altmetric.com/v1/donut/116778444_240.png,"ESSOAr; Natural History Museum; Wiley"
3,"Electrosynthesis and characterization of zinc tungstate nanoparticles","Journal of Molecular Structure",0022-2860,,,Article,false,closed,"03 Chemical Sciences; 0306 Physical Chemistry (incl. Structural); 34 Chemical Sciences; 3406 Physical Chemistry",,"Imam Hossein University; Islamic Azad University, Tehran; Malek Ashtar University of Technology; University of Tehran",,2013-09-01,10.1016/j.molstruc.2013.04.050,,,,,,"",2013JMoSt1047...31R,,,,,0,0,0,0,0,0,0,0,1,0,0,0,0,0,0,0,0,25,63,https://www.altmetric.com/details/110402579,https://api.altmetric.com/v1/donut/110402579_240.png,"Elsevier BV"
3,"Electrical field influence on molecular mass and electrical conductivity of polyaniline","Polymer Science Series B","1560-0904, 1555-6123",,,Article,false,closed,"03 Chemical Sciences; 0306 Physical Chemistry (incl. Structural); 34 Chemical Sciences; 3406 Physical Chemistry; 40 Engineering",,"Imam Hossein University; Islamic Azad University, Tehran",,2013-08-15,10.1134/s1560090413070087,,,,,,"",,,,,,0,0,0,0,0,0,0,0,1,0,0,0,0,0,0,0,0,0,2,https://www.altmetric.com/details/110284408,https://api.altmetric.com/v1/donut/110284408_240.png,
3,"REEXAMINATION OF THE FRIEDEL-CRAFTS REACTION OF METHYL CHLORIDE WITH PHOSPHORUS TRICHLORIDE FOR THE PREPARATION OF METHYL PHOSPHONIC DICHLORIDE","Organic Preparations and Procedures International","0030-4948, 1945-5453",,,Article,false,closed,"03 Chemical Sciences; 0304 Medicinal and Biomolecular Chemistry; 0305 Organic Chemistry; 34 Chemical Sciences; 3402 Inorganic Chemistry",,"Imam Hossein University",,2005-08-01,10.1080/00304940509354970,,,,,,"",,,,,,0,0,0,0,0,0,0,0,1,0,0,0,0,0,0,0,0,7,3,https://www.altmetric.com/details/108762471,https://api.altmetric.com/v1/donut/108762471_240.png,"GeoScienceWorld; Taylor & Francis"
3,"A new library of 4(3H)- and 4,4′(3H,3H′)-quinazolinones and 2-(5-alkyl-1,2,4-oxadiazol-3-yl)quinazolin-4(3H)-one obtained from diaminoglyoxime","Tetrahedron Letters: International Organ for the Rapid Publication of Preliminary Communications in Organic Chemistry",0040-4039,,,Article,false,closed,"03 Chemical Sciences; 0305 Organic Chemistry; 34 Chemical Sciences; 3402 Inorganic Chemistry; 3405 Organic Chemistry",,"Imam Hossein University; Shahid Beheshti University",,2013-07-01,10.1016/j.tetlet.2013.05.065,,,,,,"",,,,,,0,0,0,1,0,0,0,0,0,0,0,0,0,0,0,0,0,7,17,https://www.altmetric.com/details/81095798,https://api.altmetric.com/v1/donut/81095798_240.png,"Elsevier BV"
3,"Sequence planning for stamping operations in progressive dies","Journal of Intelligent Manufacturing","0956-5515, 1572-8145",,,Article,false,closed,"08 Information and Computing Sciences; 0801 Artificial Intelligence and Image Processing; 40 Engineering; 4014 Manufacturing Engineering",,"Aerospace Research Institute; Imam Hossein University; Iran University of Industries and Mines",,2013-06-04,10.1007/s10845-013-0788-0,,,,,,"",,,,,,0,0,0,0,0,0,0,0,2,0,0,0,0,0,0,0,0,15,7,https://www.altmetric.com/details/50431695,https://api.altmetric.com/v1/donut/50431695_240.png,"Springer Nature"
3,"Cloning, high level expression and immunogenicity of 1163-1256 residues of C-terminal heavy chain of C. botulinum neurotoxin type E","Biologicals","1045-1056, 1095-8320",,,Article,false,closed,"06 Biological Sciences; 0605 Microbiology; 31 Biological Sciences; 3101 Biochemistry and Cell Biology",,"Baqiyatallah University of Medical Sciences; Imam Hossein University; Shahed University",,2010-03-01,10.1016/j.biologicals.2009.09.008,,,,19879159,,"",,,,,,0,0,0,1,0,0,0,0,0,0,0,0,0,0,0,0,0,25,13,https://www.altmetric.com/details/49773413,https://api.altmetric.com/v1/donut/49773413_240.png,"Elsevier BV"
3,"Ion Pairing, H-bonding, and π-π Interactions in Cobalt(II) Compound Containing Guanidinium Counter Ion","Zeitschrift für anorganische und allgemeine Chemie","0044-2313, 1521-3749, 0372-7874, 0863-1786, 0863-1778",,,Article,false,closed,"03 Chemical Sciences; 0306 Physical Chemistry (incl. Structural); 34 Chemical Sciences; 3402 Inorganic Chemistry",,"Imam Hossein University; Islamic Azad University North Tehran Branch; Islamic Azad University Shahr-e-Rey; Kharazmi University; TU Wien",,2006-02-01,10.1002/zaac.200500395,,,,,,"",,,,,,0,0,0,3,0,0,0,0,0,0,0,0,0,0,0,0,0,4,21,https://www.altmetric.com/details/43013492,https://api.altmetric.com/v1/donut/43013492_240.png,"ESSOAr; Natural History Museum; Wiley"
3,"First Anionic 1,10-Phenanthroline-2,9-dicarboxylate Containing Metal Complex Obtained from a Novel 1:1 Proton−Transfer Compound: Synthesis, Characterization, Crystal Structure, and Solution Studies","Inorganic Chemistry","0020-1669, 1520-510X",,,Article,false,closed,"03 Chemical Sciences; 0302 Inorganic Chemistry; 0303 Macromolecular and Materials Chemistry; 0306 Physical Chemistry (incl. Structural); 34 Chemical Sciences; 3402 Inorganic Chemistry",,"Imam Hossein University; Razi University",,2003-02-08,10.1021/ic025725d,,,,,,"",,,,,,0,0,0,3,0,0,0,0,0,0,0,0,0,0,0,0,0,11,93,https://www.altmetric.com/details/43013464,https://api.altmetric.com/v1/donut/43013464_240.png,"American Chemical Society (ACS)"
3,"Synthesis of conducting poly[di-heteroaromatics] from pyrrole, indole, and carbazole, and their mixed hydroxamates, and studies of their metal complexes","Journal of Applied Polymer Science","0021-8995, 1097-4628",,,Article,false,closed,"03 Chemical Sciences; 0302 Inorganic Chemistry; 34 Chemical Sciences; 3402 Inorganic Chemistry",,"Imam Hossein University",,2003-07-25,10.1002/app.12493,,,,,,"",,,,,,0,0,0,2,0,0,0,0,0,0,0,0,0,0,0,0,0,2,16,https://www.altmetric.com/details/35610232,https://api.altmetric.com/v1/donut/35610232_240.png,"ESSOAr; Natural History Museum; Wiley"
3,"Measurements of Antenna Reflection Coefficients In Time Domain",,,,,Article,false,closed,"08 Information and Computing Sciences; 0806 Information Systems; 40 Engineering; 4006 Communications Engineering; 4008 Electrical Engineering",,"Imam Hossein University; Iran Telecommunication Research Center",,2006-01-01,10.1109/mmet.2006.1689783,,,,,,"",,,,,,0,0,0,2,0,0,0,0,0,0,0,0,0,0,0,0,0,4,14,https://www.altmetric.com/details/35235135,https://api.altmetric.com/v1/donut/35235135_240.png,"Institute of Electrical and Electronics Engineers (IEEE)"
3,"Reconsideration of the Base-Free Batch-Wise Esterification of Phosphorus Trichloride with Alcohols","Organic Process Research & Development","1083-6160, 1520-586X",,,Article,false,closed,"03 Chemical Sciences; 0302 Inorganic Chemistry; 34 Chemical Sciences; 3402 Inorganic Chemistry",,"Imam Hossein University",,2004-05-04,10.1021/op049958v,,,,,,"",,,,,,0,0,0,0,0,0,0,0,4,0,0,0,0,0,0,0,0,36,16,https://www.altmetric.com/details/21695404,https://api.altmetric.com/v1/donut/21695404_240.png,"American Chemical Society (ACS)"
3,"Quantification of hydroxyl group in polymers containing trace water by 19F NMR spectroscopy","European Polymer Journal","0014-3057, 1873-1945",,,Article,false,closed,"03 Chemical Sciences; 0303 Macromolecular and Materials Chemistry; 0306 Physical Chemistry (incl. Structural); 34 Chemical Sciences; 3401 Analytical Chemistry",,"Imam Hossein University; Shahid Beheshti University",,2013-01-01,10.1016/j.eurpolymj.2012.09.019,,,,,,"",,,,,,0,0,0,0,0,0,0,0,1,0,0,0,0,0,0,0,0,36,15,https://www.altmetric.com/details/3640102,https://api.altmetric.com/v1/donut/3640102_240.png,"Elsevier BV"
2,"Effects of Quiet Mind Training on Alpha Power Suppression and Fine Motor Skill Acquisition","Journal of Motor Behavior","0022-2895, 1940-1027",,,Article,false,closed,"17 Psychology and Cognitive Sciences; 1701 Psychology; 52 Psychology",,"Imam Hossein University; Kermanshah University of Medical Sciences; University of Basel; Urmia University",,2020-06-15,10.1080/00222895.2020.1777930,,,,32536335,,"",,,,,,0,0,0,0,2,0,0,0,0,0,0,0,0,0,0,0,0,14,0,https://www.altmetric.com/details/84031571,https://api.altmetric.com/v1/donut/84031571_240.png,"GeoScienceWorld; Taylor & Francis"
2,"Eigenspectra and statistical properties of the Klein–Gordon equation with Cornell potential: Unequal mixings of scalar and time-like vector potentials","Physica A",0378-4371,,,Article,true,green,"01 Mathematical Sciences; 0104 Statistics; 49 Mathematical Sciences; 4901 Applied Mathematics; 4902 Mathematical Physics",,"An-Najah National University; Imam Hossein University; Near East University; The University of Texas at El Paso; University of Zanjan",,2019-12-01,10.1016/j.physa.2019.122497,,,,,,"",2018arXiv180607561T,1806.07561,,,,0,0,0,0,3,0,0,0,0,0,0,0,0,0,0,0,0,4,3,https://www.altmetric.com/details/43935073,https://api.altmetric.com/v1/donut/43935073_240.png,"Elsevier BV"
2,"Extraction and preconcentration of trace amounts of diazinon and fenitrothion from environmental water by magnetite octadecylsilane nanoparticles","Journal of Chromatography A","0021-9673, 1873-3778",,,Article,false,closed,"03 Chemical Sciences; 0301 Analytical Chemistry; 34 Chemical Sciences",,"Imam Hossein University",,2012-09-01,10.1016/j.chroma.2012.07.085,,,,22885050,,"",,,,,,0,0,0,0,2,0,0,0,0,0,0,0,0,0,0,0,0,62,87,https://www.altmetric.com/details/1074062,https://api.altmetric.com/v1/donut/1074062_240.png,"Elsevier BV"
2,"A One-Pot Four-Component synthesis of Pyrrolo[1,2-A]Quinolines","Journal of Chemical Research","1747-5198, 2047-6507",,,Article,false,closed,"03 Chemical Sciences; 0305 Organic Chemistry; 34 Chemical Sciences; 3402 Inorganic Chemistry; 3405 Organic Chemistry",,"Imam Hossein University; University of Tehran; Zhejiang University",,2014-07-01,10.3184/174751914x14031091272010,,,,,,"",,,,,,0,0,0,0,6,0,0,0,0,0,0,0,0,0,0,0,0,3,5,https://www.altmetric.com/details/2631868,https://api.altmetric.com/v1/donut/2631868_240.png,
1,"Exercise modulation in inflammation and metabolic hormonal disorders of COVID-19 to decrease risk factors in coronary heart disease","Hormone Molecular Biology & Clinical Investigation","1868-1883, 1868-1891",,,Article,false,closed,"11 Medical and Health Sciences; 1102 Cardiorespiratory Medicine and Haematology; 1103 Clinical Sciences; 32 Biomedical and Clinical Sciences; 3202 Clinical Sciences",,"Baqiyatallah University of Medical Sciences; Gerash University of Medical Sciences; Imam Hossein University",,2022-12-26,10.1515/hmbci-2022-0040,,,,36560914,,"",,,,,,0,0,0,0,1,0,0,0,0,0,0,0,0,0,0,0,0,0,0,https://www.altmetric.com/details/140662125,https://api.altmetric.com/v1/donut/140662125_240.png,"De Gruyter"
1,"Emotional Intelligence as A Predictor of Health-Related Quality of Life in Breast Cancer Survivors","The Asia-Pacific Journal of Oncology Nursing","2347-5625, 2349-6673",,,Article,true,gold,"11 Medical and Health Sciences; 1117 Public Health and Health Services; 17 Psychology and Cognitive Sciences; 1701 Psychology; 42 Health Sciences; 4203 Health Services and Systems; 4205 Nursing",,"Imam Hossein Hospital; Imam Hossein University; Shahid Beheshti University of Medical Sciences",,2019-07-01,10.4103/apjon.apjon_76_18,,,,31259222,,"",,,,,,0,0,0,0,1,0,0,0,0,0,0,0,0,0,0,0,0,56,6,https://www.altmetric.com/details/137732753,https://api.altmetric.com/v1/donut/137732753_240.png,
1,"An in silico Design, Expression and Purification of a Chimeric Protein as an Immunogen Candidate Consisting of IpaD, StxB, and TolC Proteins from Shigella spp","Avicenna Journal of Medical Biotechnology","2008-2835, 2008-4625",,,Article,true,green,"11 Medical and Health Sciences; 1108 Medical Microbiology; 31 Biological Sciences; 3102 Bioinformatics and Computational Biology",,"Imam Hossein University; Shiraz University of Medical Sciences",,2022-06-22,10.18502/ajmb.v14i3.9832,,,,36061128,,"",,,,,,0,0,0,0,3,0,0,0,0,0,0,0,0,0,0,0,0,1,1,https://www.altmetric.com/details/135397905,https://api.altmetric.com/v1/donut/135397905_240.png,
1,"Comparative study of the effect of neutrons emitted from neutron source 241Am-Be and curcumin on MCF-7 breast cancer cells in 3D culture medium","bioRxiv","",,,Article,true,green,"11 Medical and Health Sciences; 1112 Oncology and Carcinogenesis; 32 Biomedical and Clinical Sciences; 3211 Oncology and Carcinogenesis; 51 Physical Sciences",,"Imam Hossein University; Islamic Azad University, Tehran; Razi University",,2022-01-28,10.1101/2022.01.25.477792,,,,,,"",,,,,,0,0,0,0,4,0,0,0,0,0,0,0,0,0,0,0,0,0,1,https://www.altmetric.com/details/121729779,https://api.altmetric.com/v1/donut/121729779_240.png,"Cold Spring Harbor Laboratory"
1,"Numerical investigation of nanofluid mixed convection in a T-shaped cavity by considering a thermal barrier","Alexandria Engineering Journal",1110-0168,,,Article,true,gold,"09 Engineering; 0915 Interdisciplinary Engineering; 40 Engineering; 4014 Manufacturing Engineering",,"Chulabhorn Royal Academy; Imam Hossein University; Islamic Azad University of Khomeynishahr; South Ural State University; University of the Coast; Yancheng Institute of Technology",,2022-09-01,10.1016/j.aej.2022.01.009,,,,,,"",,,,,,0,0,0,0,1,0,0,0,0,0,0,0,0,0,0,0,0,9,7,https://www.altmetric.com/details/121006930,https://api.altmetric.com/v1/donut/121006930_240.png,"Elsevier BV"
1,"An approach to chimeric subunit immunogen provides efficient protection against toxicity, type III and type v secretion systems of Shigella","International Immunopharmacology","1567-5769, 1878-1705",,,Article,false,closed,"11 Medical and Health Sciences; 1107 Immunology; 32 Biomedical and Clinical Sciences; 3207 Medical Microbiology","3 Good Health and Well Being","Imam Hossein University; Shiraz University of Medical Sciences",,2021-11-01,10.1016/j.intimp.2021.108132,,,,34508943,,"",,,,,,0,0,0,0,1,0,0,0,0,0,0,0,0,0,0,0,0,2,2,https://www.altmetric.com/details/113320910,https://api.altmetric.com/v1/donut/113320910_240.png,"Elsevier BV"
1,"An optimal feed-forward artificial neural network model and a new empirical correlation for prediction of the relative viscosity of Al2O3-engine oil nanofluid","Scientific Reports",2045-2322,,,Article,true,gold,"08 Information and Computing Sciences; 0801 Artificial Intelligence and Image Processing; 40 Engineering; 4005 Civil Engineering",,"Imam Hossein University; Islamic Azad University of Khomeynishahr",,2021-08-23,10.1038/s41598-021-96594-z,,,,34426630,,"",,,,,,0,0,0,0,1,0,0,0,0,0,0,0,0,0,0,0,0,5,6,https://www.altmetric.com/details/112270506,https://api.altmetric.com/v1/donut/112270506_240.png,"Scientific American; Springer Nature"
1,"Evaluation of tensile strength and elastic modulus of 7075-T6 aluminum alloy by adding SiC reinforcing particles using vortex casting method","Journal of Alloys & Compounds","0925-8388, 1873-4669",,,Article,false,closed,"02 Physical Sciences; 0299 Other Physical Sciences; 09 Engineering; 0912 Materials Engineering; 40 Engineering; 4016 Materials Engineering",,"Duy Tan University; Imam Hossein University; Nanjing University of Aeronautics and Astronautics; University of Pune; Zhejiang University","National Natural Science Foundation of China",2021-12-01,10.1016/j.jallcom.2021.161261,,,,,,"",,,,,,0,0,0,0,1,0,0,0,0,0,0,0,0,0,0,0,0,29,13,https://www.altmetric.com/details/110322959,https://api.altmetric.com/v1/donut/110322959_240.png,"Elsevier BV"
1,"Is There a Link between COVID-19 Mortality with Genus, Age, ABO Blood Group Type, and ACE2 Gene Polymorphism?","Iranian Journal of Public Health","0304-4556, 2251-6085, 2251-6093",,,Article,true,gold,"11 Medical and Health Sciences; 1117 Public Health and Health Services; 42 Health Sciences; 4202 Epidemiology; 4203 Health Services and Systems; 4206 Public Health","3 Good Health and Well Being","Imam Hossein University; Tarbiat Modares University; Tehran University of Medical Sciences",,2020-08-09,10.18502/ijph.v49i8.3910,,,,33083341,,"",,,,,,0,0,0,0,1,0,0,0,0,0,0,0,0,0,0,0,0,27,7,https://www.altmetric.com/details/109145233,https://api.altmetric.com/v1/donut/109145233_240.png,
1,"Possibility of making aerophobic surfaces by nanoprotrusions: an investigation of atomic-scale friction of the air–solid interfaces","Physical Chemistry Chemical Physics (PCCP)","1463-9076, 1463-9084",,,Article,false,closed,"03 Chemical Sciences; 0306 Physical Chemistry (incl. Structural); 09 Engineering; 0912 Materials Engineering; 0915 Interdisciplinary Engineering; 40 Engineering; 4018 Nanotechnology","7 Affordable and Clean Energy","Imam Hossein University; Shiraz University of Technology",,2021-01-01,10.1039/d0cp06404a,,,,,,"",,,,,,0,0,0,0,1,0,0,0,0,0,0,0,0,0,0,0,0,1,2,https://www.altmetric.com/details/100043023,https://api.altmetric.com/v1/donut/100043023_240.png,"Royal Society of Chemistry (RSC)"
1,"Chemical composition of essential oil and in vitro antioxidant activities of the essential oil and methanol extracts of Eucalyptus loxophleba","Natural Product Research","1478-6419, 1478-6427",,,Article,false,closed,"03 Chemical Sciences; 0301 Analytical Chemistry; 30 Agricultural, Veterinary and Food Sciences; 3006 Food Sciences",,"Imam Hossein University; Kermanshah University of Medical Sciences",,2011-10-10,10.1080/14786419.2011.593516,,,,21985447,,"",,,,,,0,0,0,0,0,1,0,0,0,0,0,0,0,0,0,0,0,21,21,https://www.altmetric.com/details/72339360,https://api.altmetric.com/v1/donut/72339360_240.png,"GeoScienceWorld; Taylor & Francis"
1,"Wireless Real-time Brain Mapping",,,,,Chapter,false,closed,"11 Medical and Health Sciences; 1109 Neurosciences; 46 Information and Computing Sciences; 52 Psychology; 5202 Biological Psychology",,"Imam Hossein University; Islamic Azad University, Tehran",,2007-01-01,10.1007/978-3-540-68017-8_112,,,https://link.springer.com/chapter/10.1007/978-3-540-68017-8_112,,,"",,,,,,0,0,0,0,1,0,0,0,0,0,0,0,0,0,0,0,0,2,2,https://www.altmetric.com/details/26700342,https://api.altmetric.com/v1/donut/26700342_240.png,"Springer Nature"
1,"STU–QCD correspondence","Canadian Journal of Physics","0008-4204, 1208-6045",,,Article,true,green,"02 Physical Sciences; 0202 Atomic, Molecular, Nuclear, Particle and Plasma Physics; 49 Mathematical Sciences; 4902 Mathematical Physics; 51 Physical Sciences; 5106 Nuclear and Plasma Physics; 5107 Particle and High Energy Physics",,"Imam Hossein University; University of Mazandaran",,2013-12-01,10.1139/cjp-2013-0117,,,,,,"",2012arXiv1205.4254S,1205.4254,,,,0,0,0,0,4,0,0,0,0,0,0,0,0,0,0,0,0,8,45,https://www.altmetric.com/details/755148,https://api.altmetric.com/v1/donut/755148_240.png,"Canadian Science Publishing; GeoScienceWorld"
1,"Thermal and optical properties of two molecular potentials","The European Physical Journal Plus",2190-5444,,,Article,true,green,"01 Mathematical Sciences; 0101 Pure Mathematics; 51 Physical Sciences; 5103 Classical Physics",,"An-Najah National University; Imam Hossein University; Middle East Technical University",,2019-04-16,10.1140/epjp/i2019-12634-x,,,,,,"",,1904.03593,,,,0,0,0,0,1,0,0,0,0,0,0,0,0,0,0,0,0,6,7,https://www.altmetric.com/details/58789319,https://api.altmetric.com/v1/donut/58789319_240.png,"Springer Nature"
1,"A novel economic method of battery modeling in stand-alone renewable energy systems to reduce life cycle costs","Journal of Energy Storage",2352-152X,,,Article,false,closed,"09 Engineering; 0912 Materials Engineering; 40 Engineering","7 Affordable and Clean Energy; 13 Climate Action","Imam Hossein University; Islamic Azad University, Tehran; Shahed University",,2021-12-01,10.1016/j.est.2021.103422,,,,,,"",,,,,,0,0,0,0,2,0,0,0,0,0,0,0,0,0,0,0,0,15,7,https://www.altmetric.com/details/116219733,https://api.altmetric.com/v1/donut/116219733_240.png,"Elsevier BV"
1,"Influence of Surfactant Additives on the Electrolyte Flow Velocity and Insoluble Gas Bubbles Behavior within a Lead-Acid Battery","Journal of the Electrochemical Society","0013-4651, 1945-7111",,,Article,false,closed,"03 Chemical Sciences; 0306 Physical Chemistry (incl. Structural); 09 Engineering; 0915 Interdisciplinary Engineering; 34 Chemical Sciences; 3406 Physical Chemistry; 40 Engineering",,"Imam Hossein University; Semnan University",,2020-08-24,10.1149/1945-7111/ab927b,,,,,,"",,,,,,0,0,0,0,3,0,0,0,0,0,0,0,0,0,0,0,0,7,6,https://www.altmetric.com/details/88815282,https://api.altmetric.com/v1/donut/88815282_240.png,
1,"Recombinant expression of SARS-CoV-2 receptor binding domain (RBD) in Escherichia coli and its immunogenicity in mice.","Iranian Journal of Basic Medical Sciences","2008-3866, 2008-3874",,,Article,false,closed,"11 Medical and Health Sciences; 1108 Medical Microbiology; 32 Biomedical and Clinical Sciences; 3207 Medical Microbiology","3 Good Health and Well Being","Baqiyatallah University of Medical Sciences; Imam Hossein University; Islamic Azad University, Science and Research Branch",,2022-09-01,10.22038/ijbms.2022.65045.14333,,,,36246069,PMC9526882,"",,,,,,0,0,0,0,1,0,0,0,0,0,0,0,0,0,0,0,0,8,1,https://www.altmetric.com/details/141055310,https://api.altmetric.com/v1/donut/141055310_240.png,
1,"Entanglement of three-level atomic system and spontaneous emission fields in a vacuum and near the 1D photonic crystal band gap","Optoelectronics Letters","1673-1905, 1993-5013",,,Article,false,closed,"02 Physical Sciences; 0202 Atomic, Molecular, Nuclear, Particle and Plasma Physics; 51 Physical Sciences; 5102 Atomic, Molecular and Optical Physics; 5108 Quantum Physics",,"Imam Hossein University; Islamic Azad University, Tehran",,2022-11-14,10.1007/s11801-022-2091-9,,,,,,"",,,,,,0,0,0,0,1,0,0,0,0,0,0,0,0,0,0,0,0,0,0,https://www.altmetric.com/details/138527686,https://api.altmetric.com/v1/donut/138527686_240.png,"Springer Nature"
1,"In silico and in vivo approaches to recombinant multi-epitope immunogen of GroEL provides efficient cross protection against S. Typhimurium, S. flexneri, and S. dysenteriae","Molecular Immunology","0161-5890, 1872-9142",,,Article,false,closed,"11 Medical and Health Sciences; 1107 Immunology; 31 Biological Sciences; 3101 Biochemistry and Cell Biology",,"Imam Hossein University",,2022-04-01,10.1016/j.molimm.2022.02.013,,,,35217247,,"",,,,,,0,0,0,0,2,0,0,0,0,0,0,0,0,0,0,0,0,3,3,https://www.altmetric.com/details/123706872,https://api.altmetric.com/v1/donut/123706872_240.png,"Elsevier BV"
1,"The conglomerate crystal formation of methoxetamine salts in the presence of some organic achiral anions: a theoretical approach","Supramolecular Chemistry","1026-7816, 1029-0478, 1061-0278",,,Article,false,closed,"03 Chemical Sciences; 0306 Physical Chemistry (incl. Structural); 34 Chemical Sciences; 3406 Physical Chemistry",,"Ferdowsi University of Mashhad; Imam Hossein University",,2021-08-18,10.1080/10610278.2021.1961259,,,,,,"",,,,,,0,0,0,0,1,0,0,0,0,0,0,0,0,0,0,0,0,0,0,https://www.altmetric.com/details/114111886,https://api.altmetric.com/v1/donut/114111886_240.png,"GeoScienceWorld; Taylor & Francis"
1,"Extraction and pre-concentration of ketamine by using a three-dimensional spongin-based scaffold of the Haliclona sp. marine demosponge origin","Applied Physics A: Materials Science & Processing","0947-8396, 1432-0630",,,Article,false,closed,"02 Physical Sciences; 0204 Condensed Matter Physics; 0205 Optical Physics; 09 Engineering; 0912 Materials Engineering; 40 Engineering; 4016 Materials Engineering; 51 Physical Sciences; 5102 Atomic, Molecular and Optical Physics; 5104 Condensed Matter Physics",,"Baqiyatallah University of Medical Sciences; Chabahar Maritime University; Imam Hossein University; Tabriz University of Medical Sciences; Tehran University of Medical Sciences; University of Tehran",,2020-05-15,10.1007/s00339-020-03598-z,,,,,,"",,,,,,0,0,0,0,2,0,0,0,0,0,0,0,0,0,0,0,0,4,8,https://www.altmetric.com/details/82311326,https://api.altmetric.com/v1/donut/82311326_240.png,"Springer Nature"
1,"Preparation of Fe3O4/SiO2/TiO2/PrVO4 nanocomposite in various molar ratios: Investigation on photocatalytic performance on organic contaminate and bacterial environments, and anti-cancer properties","Polyhedron",0277-5387,,,Article,false,closed,"03 Chemical Sciences; 0302 Inorganic Chemistry; 0306 Physical Chemistry (incl. Structural); 0399 Other Chemical Sciences; 34 Chemical Sciences; 3406 Physical Chemistry",,"Baqiyatallah University of Medical Sciences; Imam Hossein University; Iran University of Medical Sciences; Islamic Azad University, Science and Research Branch; Kashan University of Medical Sciences; University of Kashan; University of Tehran",,2019-11-01,10.1016/j.poly.2019.114239,,,,,,"",,,,,,0,0,0,0,2,0,0,0,0,0,0,0,0,0,0,0,0,14,12,https://www.altmetric.com/details/70058856,https://api.altmetric.com/v1/donut/70058856_240.png,"Elsevier BV"
1,"Entrapment of LTB protein in alginate nanoparticles protects against EnterotoxigenicEscherichia coli","APMIS","0903-4641, 1600-0463, 0365-5555, 0304-131X, 0304-1328, 0108-0164, 0108-0180, 0108-0202",,,Article,false,closed,"11 Medical and Health Sciences; 1107 Immunology; 32 Biomedical and Clinical Sciences; 3206 Medical Biotechnology",,"Imam Hossein University",,2018-02-20,10.1111/apm.12815,,,,29460309,,"",,,,,,0,0,0,0,1,0,0,0,0,0,0,0,0,0,0,0,0,11,8,https://www.altmetric.com/details/33459065,https://api.altmetric.com/v1/donut/33459065_240.png,"Wiley"
1,"Presenting a rapid method for detection of Bacillus cereus, Listeria monocytogenes and Campylobacter jejuni in food samples.","Iranian Journal of Basic Medical Sciences","2008-3866, 2008-3874",,,Article,false,closed,"06 Biological Sciences; 0605 Microbiology; 30 Agricultural, Veterinary and Food Sciences; 3006 Food Sciences; 31 Biological Sciences; 3107 Microbiology; 32 Biomedical and Clinical Sciences",,"Baqiyatallah University of Medical Sciences; Imam Hossein University; Shahed University",,2017-09-01,10.22038/ijbms.2017.9275,,,,29085601,PMC5651459,"",,,,,,0,0,0,0,1,0,0,0,0,0,0,0,0,0,0,0,0,31,8,https://www.altmetric.com/details/28208532,https://api.altmetric.com/v1/donut/28208532_240.png,
1,"Preparation and investigation of structural, magnetic, and microwave absorption properties of aluminum-doped strontium ferrite/MWCNT/polyaniline nanocomposite at KU-band frequency","Journal of Applied Polymer Science","0021-8995, 1097-4628",,,Article,false,closed,"09 Engineering; 0912 Materials Engineering; 34 Chemical Sciences; 40 Engineering; 4016 Materials Engineering",,"Imam Hossein University; Iran University of Science and Technology",,2017-03-31,10.1002/app.45135,,,,,,"",,,,,,0,0,0,0,1,0,0,2,0,0,0,0,0,0,0,0,0,32,43,https://www.altmetric.com/details/18351256,https://api.altmetric.com/v1/donut/18351256_240.png,"ESSOAr; Natural History Museum; Wiley"
1,"Influence of traffic-related noise and air pollution on self-reported fatigue","International Journal Occupational Safety and Ergonomics","1080-3548, 2376-9130",,,Article,false,closed,"12 Built Environment and Design; 1203 Design Practice and Management; 16 Studies in Human Society; 1605 Policy and Administration; 33 Built Environment and Design; 3303 Design; 44 Human Society; 4407 Policy and Administration",,"Imam Hossein University; Shahid Beheshti University of Medical Sciences",,2015-08-19,10.1080/10803548.2015.1029288,,,,26323778,,"",,,,,,0,0,0,0,1,0,0,0,0,0,0,0,0,0,0,0,0,66,16,https://www.altmetric.com/details/4737041,https://api.altmetric.com/v1/donut/4737041_240.png,"GeoScienceWorld; Taylor & Francis"
1,"UV-vis spectrophotometric determination of trinitrotoluene (TNT) with trioctylmethylammonium chloride as ion pair assisted and disperser agent after dispersive liquid–liquid microextraction","Forensic Science International","0379-0738, 1872-6283",,,Article,false,closed,"03 Chemical Sciences; 0301 Analytical Chemistry; 34 Chemical Sciences; 3401 Analytical Chemistry",,"Imam Hossein University; Shahid Chamran University of Ahvaz",,2015-06-01,10.1016/j.forsciint.2015.03.019,,,,25863701,,"",,,,,,0,0,0,0,1,0,0,0,0,0,0,0,0,0,0,0,0,35,18,https://www.altmetric.com/details/3848664,https://api.altmetric.com/v1/donut/3848664_240.png,"Elsevier BV"
1,"Dithizone-modified nanoporous fructose as a novel sorbent for solid-phase extraction of ultra-trace levels of heavy metals","Microchimica Acta","0026-3672, 1436-5073",,,Article,false,closed,"03 Chemical Sciences; 0306 Physical Chemistry (incl. Structural); 34 Chemical Sciences; 3401 Analytical Chemistry",,"Imam Hossein University; Islamic Azad University, Tehran; Shahid Beheshti University",,2013-05-29,10.1007/s00604-013-1013-8,,,,,,"",,,,,,0,0,0,0,1,0,0,0,0,0,0,0,0,0,0,0,0,16,50,https://www.altmetric.com/details/2107294,https://api.altmetric.com/v1/donut/2107294_240.png,"Springer Nature"
1,"Emulsification-based dispersive liquid microextraction and HPLC determination of carbazole-based explosives","Microchimica Acta","0026-3672, 1436-5073",,,Article,false,closed,"03 Chemical Sciences; 0301 Analytical Chemistry; 34 Chemical Sciences; 3401 Analytical Chemistry",,"Imam Hossein University; Islamic Azad University, Tehran; Malek Ashtar University of Technology",,2012-07-15,10.1007/s00604-012-0863-9,,,,,,"",,,,,,0,0,0,0,1,0,0,0,0,0,0,0,0,0,0,0,0,9,25,https://www.altmetric.com/details/1291566,https://api.altmetric.com/v1/donut/1291566_240.png,"Springer Nature"
1,"Simultaneous determination of carbazole-based explosives in environmental waters by dispersive liquid—liquid microextraction coupled to HPLC with UV-Vis detection","Microchimica Acta","0026-3672, 1436-5073",,,Article,false,closed,"03 Chemical Sciences; 0301 Analytical Chemistry; 34 Chemical Sciences; 3401 Analytical Chemistry",,"Imam Hossein University; Islamic Azad University, Khorramabad Branch; Islamic Azad University, Tehran; Malek Ashtar University of Technology",,2012-01-27,10.1007/s00604-012-0762-0,,,,,,"",,,,,,0,0,0,0,1,0,0,0,0,0,0,0,0,0,0,0,0,26,46,https://www.altmetric.com/details/705122,https://api.altmetric.com/v1/donut/705122_240.png,"Springer Nature"
1,"Computational approaches to design a molecular imprinted polymer for high selective extraction of 3,4-methylenedioxymethamphetamine from plasma","Journal of Chromatography A","0021-9673, 1873-3778",,,Article,false,closed,"03 Chemical Sciences; 0303 Macromolecular and Materials Chemistry; 34 Chemical Sciences; 3407 Theoretical and Computational Chemistry",,"Imam Hossein University; Kermanshah University of Medical Sciences",,2011-10-01,10.1016/j.chroma.2011.08.020,,,,21944846,,"",,,,,,0,0,0,0,1,0,0,0,0,0,0,0,0,0,0,0,0,39,49,https://www.altmetric.com/details/393931,https://api.altmetric.com/v1/donut/393931_240.png,"Elsevier BV"
1,"Quantum Based Buzzard Optimization Algorithm",,,,,Article,true,green,"02 Physical Sciences; 0206 Quantum Physics; 40 Engineering; 4009 Electronics, Sensors and Digital Hardware; 51 Physical Sciences",,"Imam Hossein University",,2022-11-28,10.21203/rs.3.rs-2060456/v1,,,,,,"",,,,,,0,0,0,0,1,0,0,0,0,0,0,0,0,0,0,0,0,0,0,https://www.altmetric.com/details/139035992,https://api.altmetric.com/v1/donut/139035992_240.png,"Research Square"
1,"Combined Effect of Neutron Radiation and Curcumin on Breast Cancer Cells Cytotoxicity in 3D Culture Medium","Iranian Biomedical Journal","1028-852X, 2008-823X",,,Article,true,gold,"11 Medical and Health Sciences; 1112 Oncology and Carcinogenesis; 32 Biomedical and Clinical Sciences; 3211 Oncology and Carcinogenesis; 51 Physical Sciences",,"Imam Hossein University; Islamic Azad University, Tehran; Razi University",,2022-10-01,10.52547/ibj.3756,,,,36380684,,"",,,,,,0,0,0,0,1,0,0,0,0,0,0,0,0,0,0,0,0,0,0,https://www.altmetric.com/details/138555050,https://api.altmetric.com/v1/donut/138555050_240.png,
1,"Iranian Scorpion (Odontobuthus bidentatus) Venom Induces Apoptosis in the Hepatocellular Carcinoma Cell Line (HepG2) in 3D Cell Culture",,,,,Article,true,green,"06 Biological Sciences; 0601 Biochemistry and Cell Biology; 31 Biological Sciences; 3101 Biochemistry and Cell Biology",,"Imam Hossein University; Razi University; University of Isfahan; University of Zanjan",,2022-09-28,10.21203/rs.3.rs-2032910/v1,,,,,,"",,,,,,0,0,0,0,1,0,0,0,0,0,0,0,0,0,0,0,0,0,0,https://www.altmetric.com/details/136559441,https://api.altmetric.com/v1/donut/136559441_240.png,"Research Square"
1,"Investigating and comparing the performance of meta-heuristic algorithms in feature selection and software fault prediction",,,,,Article,true,green,"08 Information and Computing Sciences; 0801 Artificial Intelligence and Image Processing; 46 Information and Computing Sciences; 4602 Artificial Intelligence; 4605 Data Management and Data Science; 4612 Software Engineering",,"Imam Hossein University",,2022-09-27,10.21203/rs.3.rs-2060398/v1,,,,,,"",,,,,,0,0,0,0,1,0,0,0,0,0,0,0,0,0,0,0,0,0,0,https://www.altmetric.com/details/136511223,https://api.altmetric.com/v1/donut/136511223_240.png,"Research Square"
1,"Evaluation the preventive effect of probiotics on infection after colorectal cancer surgery: a systematic review and meta-analysis",,,,,Article,true,green,"11 Medical and Health Sciences; 1117 Public Health and Health Services; 32 Biomedical and Clinical Sciences; 3202 Clinical Sciences; 42 Health Sciences",,"Baqiyatallah University of Medical Sciences; Imam Hossein University; Shahid Beheshti University of Medical Sciences",,2022-07-29,10.21203/rs.3.rs-1885099/v1,,,,,,"",,,,,,0,0,0,0,1,0,0,0,0,0,0,0,0,0,0,0,0,0,0,https://www.altmetric.com/details/133279168,https://api.altmetric.com/v1/donut/133279168_240.png,"Research Square"
1,"Preclinical study of formulated recombinant nucleocapsid protein, the receptor binding domain of the spike protein, and truncated spike (S1) protein as vaccine candidates against COVID-19 in animal models","Molecular Immunology","0161-5890, 1872-9142",,,Article,true,bronze,"11 Medical and Health Sciences; 1107 Immunology; 32 Biomedical and Clinical Sciences; 3204 Immunology","3 Good Health and Well Being","Baqiyatallah University of Medical Sciences; Dezful University of Medical Sciences; Imam Hossein University",,2022-09-01,10.1016/j.molimm.2022.06.007,,,,35802999,,"",,,,,,0,0,0,0,1,0,0,0,0,0,0,0,0,0,0,0,0,13,1,https://www.altmetric.com/details/132383719,https://api.altmetric.com/v1/donut/132383719_240.png,"Elsevier BV"
1,"Comparison of FWHM and peak power of FBG spectrum for simultaneous measurement of strain and temperature based on tilted cantilever beam",,,,,Article,true,green,"02 Physical Sciences; 0299 Other Physical Sciences; 40 Engineering; 46 Information and Computing Sciences; 4605 Data Management and Data Science",,"Alzahra University; Imam Hossein University; Tarbiat Modares University",,2022-05-12,10.21203/rs.3.rs-1622423/v1,,,,,,"",,,,,,0,0,0,0,1,0,0,0,0,0,0,0,0,0,0,0,0,0,0,https://www.altmetric.com/details/128150205,https://api.altmetric.com/v1/donut/128150205_240.png,"Research Square"
1,"The application of tensor representation and HoSVD for detecting 3D-facial shape recovery",,,,,Article,true,green,"08 Information and Computing Sciences; 0801 Artificial Intelligence and Image Processing; 46 Information and Computing Sciences; 4603 Computer Vision and Multimedia Computation",,"Imam Hossein University",,2022-04-07,10.21203/rs.3.rs-1524787/v1,,,,,,"",,,,,,0,0,0,0,1,0,0,0,0,0,0,0,0,0,0,0,0,0,0,https://www.altmetric.com/details/126141834,https://api.altmetric.com/v1/donut/126141834_240.png,"Research Square"
1,"Rapid screening of chemical warfare agents (nerve agents) using dimethyl methylphosphonate as simulant substances in beverages by hollow fiber membrane-protected solid phase microextraction followed by corona discharge ion mobility spectrometry","Journal of Chromatography A","0021-9673, 1873-3778",,,Article,false,closed,"03 Chemical Sciences; 0301 Analytical Chemistry; 34 Chemical Sciences; 3401 Analytical Chemistry; 3406 Physical Chemistry",,"Imam Hossein University",,2022-01-01,10.1016/j.chroma.2021.462704,,,,,,"",,,,,,0,0,0,0,1,0,0,0,0,0,0,0,0,0,0,0,0,3,5,https://www.altmetric.com/details/117613970,https://api.altmetric.com/v1/donut/117613970_240.png,"Elsevier BV"
1,"Monophosphoramide derivatives: synthesis and crystal structure, theoretical and experimental studies of their biological effects","Molecular Diversity","1381-1991, 1573-501X",,,Article,false,closed,"03 Chemical Sciences; 0305 Organic Chemistry; 34 Chemical Sciences; 3404 Medicinal and Biomolecular Chemistry",,"Imam Hossein University; Tarbiat Modares University","Iran National Science Foundation",2021-01-02,10.1007/s11030-020-10160-9,,,,33387185,,"",,,,,,0,0,0,0,1,0,0,0,0,0,0,0,0,0,0,0,0,3,2,https://www.altmetric.com/details/97031736,https://api.altmetric.com/v1/donut/97031736_240.png,"Springer Nature"
1,"Immunogenicity Evaluation of Recombinant Staphylococcus aureus Enterotoxin B (rSEB) and rSEB-loaded Chitosan Nanoparticles Following Nasal Administration","Iranian Journal of Allergy, Asthma & Immunology","1735-1502, 1735-5249",,,Article,true,gold,"11 Medical and Health Sciences; 1107 Immunology; 31 Biological Sciences; 3107 Microbiology; 32 Biomedical and Clinical Sciences; 3202 Clinical Sciences; 3206 Medical Biotechnology",,"Imam Hossein University",,2020-04-29,10.18502/ijaai.v19i2.2767,,,,32372629,,"",,,,,,0,0,0,0,1,0,0,0,0,0,0,0,0,0,0,0,0,12,4,https://www.altmetric.com/details/81561243,https://api.altmetric.com/v1/donut/81561243_240.png,
1,"Reinvestigation of the Two-step Synthesis of Sevoflurane.","Iranian Journal of Pharmaceutical Research","1735-0328, 1726-6890",,,Article,false,closed,"11 Medical and Health Sciences; 1115 Pharmacology and Pharmaceutical Sciences; 32 Biomedical and Clinical Sciences; 3214 Pharmacology and Pharmaceutical Sciences; 42 Health Sciences; 4208 Traditional, Complementary and Integrative Medicine",,"Imam Hossein University; Masih Daneshvari Hospital",,2015-01-01,,,,,26330861,PMC4518101,"",,,,,,0,0,0,0,0,0,0,1,0,0,0,0,0,0,0,0,0,0,0,https://www.altmetric.com/details/79096234,https://api.altmetric.com/v1/donut/79096234_240.png,
1,"Phenotypic and genotypic characterization of Candida species isolated from candideamia in Iran","Current Medical Mycology",,,,Article,true,gold,"11 Medical and Health Sciences; 1103 Clinical Sciences; 31 Biological Sciences; 3107 Microbiology; 32 Biomedical and Clinical Sciences; 3202 Clinical Sciences; 3207 Medical Microbiology",,"Baqiyatallah University of Medical Sciences; Imam Hossein University; Iran University of Medical Sciences; Islamic Azad University, Tehran; Shariati Hospital; Tehran University of Medical Sciences",,2018-10-03,10.18502/cmm.4.2.64,,,,30324152,,"",,,,,,0,0,0,0,1,0,0,0,0,0,0,0,0,0,0,0,0,24,14,https://www.altmetric.com/details/70397978,https://api.altmetric.com/v1/donut/70397978_240.png,
1,"Rapid and high-sensitivity determination of phenylarsine oxide in environmental samples by a new technique: solid-phase microextraction followed by corona discharge ion mobility spectrometry","Analytical Methods","1759-9660, 1759-9679",,,Article,false,closed,"03 Chemical Sciences; 0301 Analytical Chemistry; 34 Chemical Sciences; 3401 Analytical Chemistry",,"Imam Hossein University",,2019-01-01,10.1039/c9ay02152c,,,,,,"",,,,,,0,0,0,0,1,0,0,0,0,0,0,0,0,0,0,0,0,8,2,https://www.altmetric.com/details/69504504,https://api.altmetric.com/v1/donut/69504504_240.png,"Royal Society of Chemistry (RSC)"
1,"An investigation of structural and magnetic properties of Ce–Nd doped strontium hexaferrite nanoparticles as a microwave absorbent","Materials Chemistry & Physics",0254-0584,,,Article,false,closed,"09 Engineering; 0912 Materials Engineering; 40 Engineering; 4016 Materials Engineering",,"Imam Hossein University; Islamic Azad University, Science and Research Branch; Islamic Azad University, Tehran; Shahid Beheshti University",,2019-09-01,10.1016/j.matchemphys.2019.121722,,,,,,"",,,,,,0,0,0,0,1,0,0,0,0,0,0,0,0,0,0,0,0,34,39,https://www.altmetric.com/details/61914566,https://api.altmetric.com/v1/donut/61914566_240.png,"Elsevier BV"
1,"Docking Studies, Synthesis, and In-vitro Evaluation of Novel Oximes Based on Nitrones as Reactivators of Inhibited Acetylcholinesterase.  - PubMed - NCBI","Iranian journal of pharmaceutical research : IJPR","1735-0328, 1726-6890",,,Article,false,closed,"11 Medical and Health Sciences; 1115 Pharmacology and Pharmaceutical Sciences; 32 Biomedical and Clinical Sciences; 3214 Pharmacology and Pharmaceutical Sciences; 42 Health Sciences; 4208 Traditional, Complementary and Integrative Medicine",,"Baqiyatallah University of Medical Sciences; Imam Hossein University",,2017-01-01,,,,,29201079,,"",,,,,,0,0,0,0,1,0,0,0,0,0,0,0,0,0,0,0,0,0,0,https://www.altmetric.com/details/30040522,https://api.altmetric.com/v1/donut/30040522_240.png,
1,"Efficient production of nanobodies against urease activity ofHelicobacter pylori in Pichia pastoris","Turkish Journal of Medical Sciences","1300-0144, 1303-6165",,,Article,false,closed,"11 Medical and Health Sciences; 32 Biomedical and Clinical Sciences",,"Imam Hossein University; Shahed University; Shahid Beheshti University of Medical Sciences",,2017-01-01,10.3906/sag-1509-121,,,,28425268,,"",,,,,,0,0,0,0,1,0,0,0,0,0,0,0,0,0,0,0,0,33,6,https://www.altmetric.com/details/19235852,https://api.altmetric.com/v1/donut/19235852_240.png,"DergiPark Akademik"
1,"Electrochemical determination of diazepam in real samples based on fullerene-functionalized carbon nanotubes/ionic liquid nanocomposite","Sensors & Actuators B: Chemical",0925-4005,,,Article,false,closed,"03 Chemical Sciences; 0301 Analytical Chemistry; 0306 Physical Chemistry (incl. Structural); 34 Chemical Sciences; 3401 Analytical Chemistry; 40 Engineering; 4018 Nanotechnology",,"Baqiyatallah University of Medical Sciences; Imam Hossein University; Yazd University",,2017-03-01,10.1016/j.snb.2016.08.144,,,,,,"",,,,,,0,0,0,0,1,0,0,0,0,0,0,0,0,0,0,0,0,61,70,https://www.altmetric.com/details/10954781,https://api.altmetric.com/v1/donut/10954781_240.png,"Elsevier BV"
1,"Synthesis, characterization and X-ray shielding properties of polypyrrole/lead nanocomposites","Polymers for Advanced Technologies","1042-7147, 1099-1581",,,Article,false,closed,"03 Chemical Sciences; 0306 Physical Chemistry (incl. Structural); 09 Engineering; 0912 Materials Engineering; 34 Chemical Sciences; 40 Engineering; 4016 Materials Engineering",,"Imam Hossein University; Islamic Azad University Saveh; Islamic Azad University, Tehran",,2015-03-09,10.1002/pat.3486,,,,,,"",,,,,,0,0,0,0,1,0,0,0,0,0,0,0,0,0,0,0,0,29,20,https://www.altmetric.com/details/3775696,https://api.altmetric.com/v1/donut/3775696_240.png,"ESSOAr; Natural History Museum; Wiley"
1,"Pairing phase transition and thermodynamical quantities in 148,149Sm","Nuclear Physics A",0375-9474,,,Article,false,closed,"02 Physical Sciences; 0201 Astronomical and Space Sciences; 0202 Atomic, Molecular, Nuclear, Particle and Plasma Physics; 0206 Quantum Physics; 51 Physical Sciences; 5106 Nuclear and Plasma Physics; 5110 Synchrotrons and Accelerators",,"Imam Hossein University; Islamic Azad University of Shiraz; University of Sistan and Baluchestan",,2014-10-01,10.1016/j.nuclphysa.2014.07.016,,,,,,"",2014NuPhA.930...57R,,,,,0,0,0,0,1,0,0,0,0,0,0,0,0,0,0,0,0,7,13,https://www.altmetric.com/details/2537880,https://api.altmetric.com/v1/donut/2537880_240.png,"Elsevier BV"
1,"Two step synthesis, electromagnetic and microwave absorbing properties of FeCo@C core–shell nanostructure","Journal of Magnetism & Magnetic Materials",0304-8853,,,Article,false,closed,"02 Physical Sciences; 0299 Other Physical Sciences; 09 Engineering; 0912 Materials Engineering; 40 Engineering; 4006 Communications Engineering; 4018 Nanotechnology",,"Imam Hossein University; K.N.Toosi University of Technology",,2014-12-01,10.1016/j.jmmm.2014.06.040,,,,,,"",2014JMMM..370...37A,,,,,0,0,0,0,1,0,0,0,0,0,0,0,0,0,0,0,0,33,73,https://www.altmetric.com/details/2504896,https://api.altmetric.com/v1/donut/2504896_240.png,"Elsevier BV"
1,"Massless fermion quasinormal modes in the Horava–Lifshitz background","Canadian Journal of Physics","0008-4204, 1208-6045",,,Article,false,closed,"01 Mathematical Sciences; 02 Physical Sciences; 49 Mathematical Sciences; 4902 Mathematical Physics; 51 Physical Sciences; 5107 Particle and High Energy Physics",,"Imam Hossein University; Qaemshahr Islamic Azad University; University of Mazandaran",,2013-03-01,10.1139/cjp-2012-0552,,,,,,"",2013CaJPh..91..251S,,,,,0,0,0,0,0,0,0,1,0,0,0,0,0,0,0,0,0,1,11,https://www.altmetric.com/details/1349732,https://api.altmetric.com/v1/donut/1349732_240.png,"Canadian Science Publishing; GeoScienceWorld"
1,"Makarov potential in relativistic equation via Laplace transformation approach","Canadian Journal of Physics","0008-4204, 1208-6045",,,Article,false,closed,"01 Mathematical Sciences; 02 Physical Sciences; 51 Physical Sciences; 5106 Nuclear and Plasma Physics",,"Imam Hossein University",,2013-01-01,10.1139/cjp-2012-0290,,,,,,"",2013CaJPh..91...71E,,,,,0,0,0,0,0,0,0,1,0,0,0,0,0,0,0,0,0,1,15,https://www.altmetric.com/details/1190443,https://api.altmetric.com/v1/donut/1190443_240.png,"Canadian Science Publishing; GeoScienceWorld"
0,"Application of polysaccharide biopolymers as natural adsorbent in sample preparation","Critical Reviews in Food Science and Nutrition","1040-8398, 1549-7852",,,Article,false,closed,"09 Engineering; 0912 Materials Engineering; 30 Agricultural, Veterinary and Food Sciences; 3006 Food Sciences; 32 Biomedical and Clinical Sciences; 3210 Nutrition and Dietetics",,"Adam Mickiewicz University in Poznań; Baqiyatallah University of Medical Sciences; Imam Hossein University; Iran University of Medical Sciences; Kashan University of Medical Sciences; Malek Ashtar University of Technology; Tabriz University of Medical Sciences; Tehran University of Medical Sciences; TU Bergakademie Freiberg; University of Isfahan; University of Tehran; University of Toronto","Alexander von Humboldt Foundation",2021-09-23,10.1080/10408398.2021.1978385,,,,34554043,,"",,,,,,0,0,0,0,0,0,0,0,0,0,0,0,0,0,0,0,0,14,6,https://www.altmetric.com/details/135584081,https://api.altmetric.com/v1/donut/135584081_240.png,"GeoScienceWorld; Taylor & Francis"
0,"Nanotechnology as a promising platform for rheumatoid arthritis management: Diagnosis, treatment, and treatment monitoring","International Journal of Pharmaceutics","0378-5173, 1873-3476",,,Article,false,closed,"11 Medical and Health Sciences; 1103 Clinical Sciences; 32 Biomedical and Clinical Sciences; 3206 Medical Biotechnology",,"Imam Hossein University; Mashhad University of Medical Sciences; National Institute of Genetic Engineering and Biotechnology; Pukyong National University","Korea Institute of Energy Technology Evaluation and Planning; Ministry of Science and ICT; Ministry of Trade, Industry and Energy; National Research Foundation of Korea",2021-11-01,10.1016/j.ijpharm.2021.121137,,,,34592396,,"",,,,,,0,0,0,0,0,0,0,0,0,0,0,0,0,0,0,0,0,17,1,https://www.altmetric.com/details/135561654,https://api.altmetric.com/v1/donut/135561654_240.png,"Elsevier BV"
0,"Applications of nanofluids in solar energy collectors focusing on solar stills","Advances in Nanofluid Heat Transfer",,,,Chapter,false,closed,"03 Chemical Sciences; 0306 Physical Chemistry (incl. Structural); 32 Biomedical and Clinical Sciences; 3206 Medical Biotechnology; 40 Engineering",,"Imam Hossein University; Jundi-Shapur University of Technology; University of Kashan",,2022-01-01,10.1016/b978-0-323-88656-7.00010-6,,,,,,"",,,,,,0,0,0,0,0,0,0,0,0,0,0,0,0,0,0,0,0,2,0,https://www.altmetric.com/details/129778050,https://api.altmetric.com/v1/donut/129778050_240.png,"Elsevier BV"
0,"Proposed model for in vitro interaction between fenitrothion and DNA, by using competitive fluorescence, 31P NMR, 1H NMR, FT-IR, CD and molecular modeling","Toxicology in Vitro","0887-2333, 1879-3177",,,Article,false,closed,"11 Medical and Health Sciences; 1115 Pharmacology and Pharmaceutical Sciences; 32 Biomedical and Clinical Sciences; 3214 Pharmacology and Pharmaceutical Sciences",,"Imam Hossein University; Kermanshah University of Medical Sciences",,2013-03-01,10.1016/j.tiv.2012.11.004,,,,23153512,,"",,,,,,0,0,0,0,0,0,0,0,0,0,0,0,0,0,0,0,0,26,24,https://www.altmetric.com/details/129129269,https://api.altmetric.com/v1/donut/129129269_240.png,"Elsevier BV"
0,"Combination of RSM and NSGA-II algorithm for optimization and prediction of thermal conductivity and viscosity of bioglycol/water mixture containing SiO2 nanoparticles","Arabian Journal of Chemistry",1878-5352,,,Article,true,gold,"03 Chemical Sciences; 34 Chemical Sciences",,"Imam Hossein University; South Ural State University; University of Limerick; Xi'an Technological University",,2021-07-01,10.1016/j.arabjc.2021.103204,,,,,,"",,,,,,0,0,0,0,0,0,0,0,0,0,0,0,0,0,0,0,0,9,12,https://www.altmetric.com/details/122849618,https://api.altmetric.com/v1/donut/122849618_240.png,"Elsevier BV"
0,"Experimental investigation on thermal conductivity of MFe2O4 (M=Fe and Co) magnetic nanofluids under influence of magnetic field","Thermochimica Acta","0040-6031, 1872-762X",,,Article,false,closed,"03 Chemical Sciences; 0306 Physical Chemistry (incl. Structural); 34 Chemical Sciences; 3401 Analytical Chemistry",,"Imam Hossein University; University of Tehran",,2014-12-01,10.1016/j.tca.2014.10.022,,,,,,"",,,,,,0,0,0,0,0,0,0,0,0,0,0,0,0,0,0,0,0,63,46,https://www.altmetric.com/details/120414911,https://api.altmetric.com/v1/donut/120414911_240.png,"Elsevier BV"
0,"Lean manufacturing analysis of a Heater industry based on value stream mapping and computer simulation","Procedia Manufacturing",2351-9789,,,Article,true,gold,"09 Engineering; 0910 Manufacturing Engineering; 40 Engineering; 4014 Manufacturing Engineering",,"Imam Hossein University; Kansas State University; RMIT University",,2020-01-01,10.1016/j.promfg.2020.10.192,,,,,,"",,,,,,0,0,0,0,0,0,0,0,0,0,0,0,0,0,0,0,0,181,10,https://www.altmetric.com/details/116183791,https://api.altmetric.com/v1/donut/116183791_240.png,"Elsevier BV"
0,"Implementation of directional simulation to estimate outcrossing rates in time-variant reliability analysis of structures","Quality & Reliability Engineering International","0748-8017, 1099-1638",,,Article,false,closed,"01 Mathematical Sciences; 0104 Statistics; 40 Engineering; 4005 Civil Engineering",,"Imam Hossein University",,2018-09-19,10.1002/qre.2374,,,,,,"",,,,,,0,0,0,0,0,0,0,0,0,0,0,0,0,0,0,0,0,4,4,https://www.altmetric.com/details/109747995,https://api.altmetric.com/v1/donut/109747995_240.png,"ESSOAr; Natural History Museum; Wiley"
0,"Evaluation of zoonotic platyhelminthe infections identified in slaughtered livestock in Iran, 2015–2019","BMC Veterinary Research",1746-6148,,,Article,true,gold,"07 Agricultural and Veterinary Sciences; 0702 Animal Production; 0707 Veterinary Sciences; 30 Agricultural, Veterinary and Food Sciences; 3009 Veterinary Sciences","3 Good Health and Well Being","Imam Hossein University; Mashhad University of Medical Sciences; Texas A&M University","Mashhad University of Medical Sciences",2021-05-05,10.1186/s12917-021-02888-9,,,,33952280,,"",,,,,,0,0,0,0,0,0,0,0,0,0,0,0,0,0,0,0,0,14,2,https://www.altmetric.com/details/106926755,https://api.altmetric.com/v1/donut/106926755_240.png,"BioMed Central; Springer Nature"
0,"Bridgehead Bicyclo[4.4.0]boron Heterocycles: A One-Pot Four-Component Synthesis of Dibenzo[e,i][1,3,7,2]oxadiazaborecin-8(7H)-ones","Helvetica Chimica Acta","0018-019X, 1522-2675",,,Article,true,green,"03 Chemical Sciences; 0305 Organic Chemistry; 34 Chemical Sciences; 3402 Inorganic Chemistry; 3405 Organic Chemistry",,"Imam Hossein University; University of Tehran; Zhejiang University",,2016-09-14,10.1002/hlca.201500534,,,,,,"",,,,,,0,0,0,0,0,0,0,0,0,0,0,0,0,0,0,0,0,4,2,https://www.altmetric.com/details/100671099,https://api.altmetric.com/v1/donut/100671099_240.png,"ESSOAr; Natural History Museum; Wiley"
0,"Anti-Vibrio cholerae IgY Antibody Inhibits Mortality in Suckling Mice Model","Journal of the National Medical Association",0027-9684,,,Article,false,closed,"11 Medical and Health Sciences; 1103 Clinical Sciences; 32 Biomedical and Clinical Sciences; 3211 Oncology and Carcinogenesis",,"Baqiyatallah University of Medical Sciences; Imam Hossein University; Iran University of Medical Sciences",,2018-02-01,10.1016/j.jnma.2017.04.001,,,,29510849,,"",,,,,,0,0,0,0,0,0,0,0,0,0,0,0,0,0,0,0,0,21,5,https://www.altmetric.com/details/70358281,https://api.altmetric.com/v1/donut/70358281_240.png,"Elsevier BV"
0,"Numerical analysis of reactive turbulent flow in the thrust chamber of RD-108 engine rocket","Defence Technology",2214-9147,,,Article,true,gold,"09 Engineering; 0915 Interdisciplinary Engineering; 40 Engineering; 4001 Aerospace Engineering; 4002 Automotive Engineering; 4012 Fluid Mechanics and Thermal Engineering; 4017 Mechanical Engineering",,"Imam Hossein University",,2019-08-01,10.1016/j.dt.2018.12.004,,,,,,"",,,,,,0,0,0,0,0,0,0,0,0,0,0,0,0,0,0,0,0,13,5,https://www.altmetric.com/details/68960681,https://api.altmetric.com/v1/donut/68960681_240.png,"Elsevier BV"
0,"Customer behavior based demand response model",,,,,Article,false,closed,"14 Economics; 1402 Applied Economics; 35 Commerce, Management, Tourism and Services; 3509 Transportation, Logistics and Supply Chains",,"Imam Hossein University; Tarbiat Modares University; University of Queensland",,2012-07-01,10.1109/pesgm.2012.6345101,,,,,,"",,,,,,0,0,0,0,0,0,0,0,0,0,0,0,0,0,0,0,0,93,75,https://www.altmetric.com/details/62999538,https://api.altmetric.com/v1/donut/62999538_240.png,"Institute of Electrical and Electronics Engineers (IEEE)"
0,"Enhanced adaptive bandwidth tracking using mean shift algorithm",,,,,Article,false,closed,"08 Information and Computing Sciences; 0801 Artificial Intelligence and Image Processing; 40 Engineering; 46 Information and Computing Sciences; 4603 Computer Vision and Multimedia Computation",,"Imam Hossein University; Shahed University",,2011-05-01,10.1109/iccsn.2011.6014773,,,,,,"",,,,,,0,0,0,0,0,0,0,0,0,0,0,0,0,0,0,0,0,4,5,https://www.altmetric.com/details/62868926,https://api.altmetric.com/v1/donut/62868926_240.png,"Institute of Electrical and Electronics Engineers (IEEE)"
0,"Numerical analysis of turbulent/transitional natural convection in trapezoidal enclosures","International Journal of Numerical Methods for Heat & Fluid Flow",0961-5539,,,Article,false,closed,"09 Engineering; 0915 Interdisciplinary Engineering; 40 Engineering; 4012 Fluid Mechanics and Thermal Engineering",,"Imam Hossein University; University of Birmingham",,2017-12-04,10.1108/hff-03-2017-0097,,,,,,"",,,,,,0,0,0,0,0,0,0,0,0,0,0,0,0,0,0,0,0,15,42,https://www.altmetric.com/details/53661281,https://api.altmetric.com/v1/donut/53661281_240.png,"Emerald Group Publishing"
0,"Lattice Boltzmann simulation of 3D natural convection in a cuboid filled with KKL-model predicted nanofluid using Dual-MRT model","International Journal of Numerical Methods for Heat & Fluid Flow",0961-5539,,,Article,false,closed,"09 Engineering; 0915 Interdisciplinary Engineering; 40 Engineering; 49 Mathematical Sciences",,"Imam Hossein University; National Institute of Technology Tiruchirappalli; University of Birmingham; University of Isfahan; University of Kashan",,2019-01-07,10.1108/hff-07-2017-0262,,,,,,"",,,,,,0,0,0,0,0,0,0,0,0,0,0,0,0,0,0,0,0,12,24,https://www.altmetric.com/details/53660756,https://api.altmetric.com/v1/donut/53660756_240.png,"Emerald Group Publishing"
0,"A Designated Verifier Proxy Signature Scheme with Fast Revocation without Random Oracles",,,,,Chapter,false,closed,"08 Information and Computing Sciences; 0804 Data Format; 46 Information and Computing Sciences; 4604 Cybersecurity and Privacy",,"Imam Hossein University; Kharazmi University",,2011-06-21,10.1007/978-3-642-21984-9_45,,,,,,"",,,,,,0,0,0,0,0,0,0,0,0,0,0,0,0,0,0,0,0,1,2,https://www.altmetric.com/details/40341305,https://api.altmetric.com/v1/donut/40341305_240.png,"Springer Nature"
0,"Semi-active Control of Structure Vibrations with MR Damper Using Fuzzy Control System (FLC) and Optimization through Genetic Algorithm (GA)",,,,,Chapter,false,closed,"01 Mathematical Sciences; 0102 Applied Mathematics; 46 Information and Computing Sciences; 4602 Artificial Intelligence; 4605 Data Management and Data Science",,"Imam Hossein University",,2011-01-01,10.1007/978-3-642-25541-0_74,,,,,,"",,,,,,0,0,0,0,0,0,0,0,0,0,0,0,0,0,0,0,0,4,1,https://www.altmetric.com/details/36329273,https://api.altmetric.com/v1/donut/36329273_240.png,"Springer Nature"
0,"Bimetallic nanoparticles as a novel chemiresistor coating","Journal of the Iranian Chemical Society","1735-207X, 1735-2428",,,Article,false,closed,"03 Chemical Sciences; 0303 Macromolecular and Materials Chemistry; 34 Chemical Sciences",,"Imam Hossein University; Iran University of Science and Technology",,2013-01-19,10.1007/s13738-012-0213-1,,,,,,"",,,,,,0,0,0,0,0,0,0,0,0,0,0,0,0,0,0,0,0,5,2,https://www.altmetric.com/details/33149755,https://api.altmetric.com/v1/donut/33149755_240.png,"Springer Nature"
0,"Facile chemical synthesis and structure characterization of copper molybdate nanoparticles","Journal of Molecular Structure",0022-2860,,,Article,false,closed,"03 Chemical Sciences; 0306 Physical Chemistry (incl. Structural); 34 Chemical Sciences; 3406 Physical Chemistry",,"Imam Hossein University; Malek Ashtar University of Technology",,2015-03-01,10.1016/j.molstruc.2014.12.017,,,,,,"",2015JMoSt1083..229R,,,,,0,0,0,0,0,0,0,0,0,0,0,0,0,0,0,0,0,33,78,https://www.altmetric.com/details/32936404,https://api.altmetric.com/v1/donut/32936404_240.png,"Elsevier BV"
0,"Eigenspectra and thermodynamic quantities in graphene under the inside and outside magnetic fields","The European Physical Journal Plus",2190-5444,,,Article,false,closed,"02 Physical Sciences; 0202 Atomic, Molecular, Nuclear, Particle and Plasma Physics; 51 Physical Sciences; 5104 Condensed Matter Physics",,"Imam Hossein University; Semnan University",,2017-11-20,10.1140/epjp/i2017-11728-9,,,,,,"",2017EPJP..132..477E,,,,,0,0,0,0,0,0,0,0,0,0,0,0,0,0,0,0,0,3,12,https://www.altmetric.com/details/30473057,https://api.altmetric.com/v1/donut/30473057_240.png,"Springer Nature"
0,"Select the Appropriate Model for the Earth's Magnetic Field",,,,,Article,false,closed,"04 Earth Sciences; 0403 Geology; 40 Engineering; 51 Physical Sciences; 5101 Astronomical Sciences",,"Imam Hossein University; Shiraz University",,2011-11-01,10.1109/ems.2011.59,,,,,,"",,,,,,0,0,0,0,0,0,0,0,0,0,0,0,0,0,0,0,0,3,0,https://www.altmetric.com/details/26747339,https://api.altmetric.com/v1/donut/26747339_240.png,"Institute of Electrical and Electronics Engineers (IEEE)"
0,"The accumulator effects on in-vessel severe accident progression of a three loop PWR nuclear power plant in a SBLOCA without safety injection system","Annals of Nuclear Energy",0306-4549,,,Article,false,closed,"09 Engineering; 0905 Civil Engineering; 40 Engineering; 4012 Fluid Mechanics and Thermal Engineering; 4019 Resources Engineering and Extractive Metallurgy",,"Imam Hossein University; Islamic Azad University, Science and Research Branch",,2017-09-01,10.1016/j.anucene.2017.04.013,,,,,,"",,,,,,0,0,0,0,0,0,0,0,0,0,0,0,0,0,0,0,0,7,3,https://www.altmetric.com/details/24046526,https://api.altmetric.com/v1/donut/24046526_240.png,"Elsevier BV"
0,"Wave propagation of embedded viscoelastic FG-CNT-reinforced sandwich plates integrated with sensor and actuator based on refined zigzag theory","International Journal of Mechanical Sciences",0020-7403,,,Article,false,closed,"09 Engineering; 0912 Materials Engineering; 40 Engineering; 4001 Aerospace Engineering; 4017 Mechanical Engineering",,"Imam Hossein University; Islamic Azad University of Kashan; University of Ayatollah Ozma Borujerdi",,2017-09-01,10.1016/j.ijmecsci.2017.06.039,,,,,,"",,,,,,0,0,0,0,0,0,0,0,0,0,0,0,0,0,0,0,0,32,100,https://www.altmetric.com/details/21521223,https://api.altmetric.com/v1/donut/21521223_240.png,"Elsevier BV"
0,"Evidence for differentiation of arousal and activation in normal adults.",,,,,Article,false,closed,"17 Psychology and Cognitive Sciences; 1701 Psychology; 52 Psychology; 5202 Biological Psychology",,"Imam Hossein University",,,,,,,17691226,,"",,,,,,0,0,0,0,0,0,0,0,0,0,0,0,0,0,0,0,0,49,0,https://www.altmetric.com/details/11759713,https://api.altmetric.com/v1/donut/11759713_240.png,
0,"Arousal and activation effects on physiological and behavioral responding during a continuous performance task.","Acta neurobiologiae experimentalis","0065-1400, 1689-0035",,,Article,false,closed,"17 Psychology and Cognitive Sciences; 1701 Psychology; 32 Biomedical and Clinical Sciences; 52 Psychology; 5202 Biological Psychology",,"Imam Hossein University",,,,,,,18320723,,"",,,,,,0,0,0,0,0,0,0,0,0,0,0,0,0,0,0,0,0,68,0,https://www.altmetric.com/details/11759131,https://api.altmetric.com/v1/donut/11759131_240.png,
0,"A comparative study on ethanol gas sensing properties of ZnO and Zn0.94Cd0.06O nanoparticles","Journal of Physics & Chemistry of Solids",0022-3697,,,Article,false,closed,"03 Chemical Sciences; 0306 Physical Chemistry (incl. Structural); 34 Chemical Sciences; 3406 Physical Chemistry",,"Imam Hossein University; Iran University of Science and Technology; Islamic Azad University Ilam Branch; Islamic Azad University, Tehran; Materials and Energy Research Center","Iran Nanotechnology Initiative Council",2013-10-01,10.1016/j.jpcs.2013.04.020,,,,,,"",2013JPCS...74.1392K,,,,,0,0,0,0,0,0,0,0,0,0,0,0,0,0,0,0,0,16,19,https://www.altmetric.com/details/10176525,https://api.altmetric.com/v1/donut/10176525_240.png,"Elsevier BV"
0,"Individual differences in task-related activation and performance","Physiology & Behavior","0031-9384, 1873-507X",,,Article,false,closed,"17 Psychology and Cognitive Sciences; 1701 Psychology; 52 Psychology; 5202 Biological Psychology",,"Imam Hossein University; Tehran University of Medical Sciences; University of Wollongong",,2009-09-01,10.1016/j.physbeh.2009.06.007,,,,19545581,,"",,,,,,0,0,0,0,0,0,0,0,0,0,0,0,0,0,0,0,0,72,30,https://www.altmetric.com/details/8186828,https://api.altmetric.com/v1/donut/8186828_240.png,"Elsevier BV"
0,"Effect of melt-spinning roll speed on the nanostructure and magnetic properties of stoichiometric and near stoichiometric Nd–Fe–B alloy ribbons","Journal of Physics: D Applied Physics","0022-3727, 1361-6463",,,Article,false,closed,"09 Engineering; 0912 Materials Engineering; 40 Engineering; 51 Physical Sciences",,"Amirkabir University of Technology; Imam Hossein University; Materials and Energy Research Center","Engineering and Physical Sciences Research Council",2009-05-13,10.1088/0022-3727/42/11/115410,,,,,,"",2009JPhD...42k5410M,,,,,0,0,0,0,0,0,0,0,0,0,0,0,0,0,0,0,0,13,8,https://www.altmetric.com/details/6168835,https://api.altmetric.com/v1/donut/6168835_240.png,"IOP Publishing"
0,"Effect of temperature on $$\mathbf{In}_{{\varvec{x}}} \mathbf{Ga}_{1-{{\varvec{x}}}} \mathbf{As}/\mathbf{GaAs}$$ In x Ga 1 - x As / GaAs quantum dots","Pramana: Journal of Physics","0304-4289, 0973-7111",,,Article,true,green,"01 Mathematical Sciences; 02 Physical Sciences; 51 Physical Sciences; 5104 Condensed Matter Physics",,"Imam Hossein University; Iran University of Science and Technology; Payame Noor University; University of Guilan",,2017-07-12,10.1007/s12043-017-1424-x,,,,,,"",2017Prama..89...25B,1511.00996,,,,0,0,0,0,0,0,0,0,0,0,0,0,0,0,0,0,0,7,4,https://www.altmetric.com/details/4721189,https://api.altmetric.com/v1/donut/4721189_240.png,"Springer Nature"
0,"Magnetic solid-phase extraction of Zineb by C18-functionalised paramagnetic nanoparticles and determination by first-derivative spectrophotometry","International Journal of Environmental Analytical Chemistry","0306-7319, 1029-0397",,,Article,false,closed,"03 Chemical Sciences; 0306 Physical Chemistry (incl. Structural); 41 Environmental Sciences; 4104 Environmental Management",,"Imam Hossein University; Kermanshah University of Medical Sciences; Semnan University",,2014-07-18,10.1080/03067319.2014.940339,,,,,,"",,,,,,0,0,0,0,0,0,0,0,0,0,0,0,0,0,0,0,0,14,16,https://www.altmetric.com/details/2521530,https://api.altmetric.com/v1/donut/2521530_240.png,"GeoScienceWorld; Taylor & Francis"
0,"Thermodynamics of Schrödinger black holes with hyperscaling violation","Physics Letters B","0370-2693, 1873-2445",,,Article,true,hybrid,"02 Physical Sciences; 0201 Astronomical and Space Sciences; 49 Mathematical Sciences; 4902 Mathematical Physics; 51 Physical Sciences; 5107 Particle and High Energy Physics",,"Imam Hossein University; University of Mazandaran",,2013-03-01,10.1016/j.physletb.2013.02.011,,,,,,"",2012arXiv1209.1874S,1209.1874,,,,0,0,0,0,0,0,0,0,0,0,0,0,0,0,0,0,0,5,35,https://www.altmetric.com/details/938773,https://api.altmetric.com/v1/donut/938773_240.png,"Elsevier BV"
